Name,Address,Opening Hours,Website,Phone,Ratings,Review Date,Review,Geo-Location
Randolph Beer,"îƒˆ82 Prospect St, Brooklyn, NY 11201, United States",Saturday11â€¯amâ€“1â€¯amî… | Sunday11â€¯amâ€“8â€¯pmî… | MondayClosedî… | Tuesday12â€“11â€¯pmî… | Wednesday12â€“11â€¯pmî… | Thursday12â€¯pmâ€“12â€¯amî… | Friday12â€¯pmâ€“1â€¯amî…,http://www.randolphbeer.com/,î‚°+1 347-280-3071,4.3,a month ago,Delicious high quality takeout. This was my first time ordering from Randolph Beer and it wonâ€™t be my last. The food arrived fresh and tasted great. I look forward to trying more of their menu. â€¦,"40.7005446, -73.9874945"
Lagos TSQ,"îƒˆ727 7th Ave, New York, NY 10019, United States",Saturday12â€¯pmâ€“2â€¯amî… | Sunday12â€¯pmâ€“2â€¯amî… | Monday12â€¯pmâ€“2â€¯amî… | Tuesday12â€¯pmâ€“2â€¯amî… | Wednesday12â€¯pmâ€“2â€¯amî… | Thursday12â€¯pmâ€“2â€¯amî… | Friday12â€¯pmâ€“2â€¯amî…,http://www.lagosnyc.com/menu,î‚°+1 212-281-0500,4.2,5 days ago,"Taking the train to Grand Central and walking the four blocks might be your best bet for getting here smoothly. Once you arrive at Lagos, you're greeted with a bit of an unusual stepâ€”they check your ID and take your photo. While I'm not â€¦","40.7600011, -73.9836749"
Balthazar,"îƒˆ80 Spring St, New York, NY 10012, United States",Saturday9â€¯amâ€“12â€¯amî… | Sunday9â€¯amâ€“12â€¯amî… | Monday8â€¯amâ€“12â€¯amî… | Tuesday8â€¯amâ€“12â€¯amî… | Wednesday8â€¯amâ€“12â€¯amî… | Thursday8â€¯amâ€“12â€¯amî… | Friday8â€¯amâ€“12â€¯amî…,https://resy.com/cities/new-york-ny/venues/balthazar-nyc?rwg_token=AAiGsobg6s980FSW2KTiE_MtWypIAKbAveEEdZsaAAWt8OHyCI0pitrKgkBv75hPUmzXaqk1wralOrop8nRj_z48Rpw9ZtI1fw%3D%3D,î‚°+1 212-965-1414,4.4,2 weeks ago,Popped in for my birthday lunch. Marvelous swanky bustling atmosphere- exquisite old world ambience - very succulent tender escargots in garlic butter- a smart lamb sandwich- my friend had a very tender tasty chicken breast.  Cheers to the â€¦,"40.722668, -73.9982298"
The Modern,"îƒˆ9 W 53rd St, New York, NY 10019, United States",,https://resy.com/cities/new-york-ny/venues/the-modern?rwg_token=AAiGsoYlL1PraPZZXyhe_97M-4PAZus7MFa-8bnTutqds7dcE_81hnAKcOu2p-l7icc2w8Z4zypcC2mcLMZIwqzTls-XJvC5Uw%3D%3D,î‚°+1 212-333-1220,4.6,3 days ago,"Went during the summer restaurant week to celebrate the birthday. They are so nice that instead of the restaurant week menu, of the same price, the full menu is offered without any further restrictions. Also instead of sitting at the bar or â€¦","40.761081, -73.976753"
Boucherie Union Square,"îƒˆ225 Park Ave S, New York, NY 10003, United States",,https://www.opentable.com/restaurant/profile/1004143?ref=1068,î‚°+1 212-353-0200,4.7,a month ago,"This is very nice place and SURPRISINGLY I love the food.
Iâ€™ve tried duck (ğŸ¦† canard) and it was very soft, great balance of tastes.
I would definitely recommend that. â€¦","40.7372552, -73.9882246"
Upland,"îƒˆ345 Park Ave S, New York, NY 10010, United States",,https://resy.com/cities/new-york-ny/venues/upland?rwg_token=AAiGsoYOTDRgfMH8iSWLMcHzmqOrWKyEuuZeLqIxgAK_Vp8bNTIIrPzOMFHNX42fxKM1cr6QoHG4si-E2ywEzKMBGwjUzjyE6tZ43mTBZ2c6y-DiJHwU_dI%3D,î‚°+1 212-686-1006,4.5,2 months ago,"I visited Upland on a Saturday morning at 10:30 for brunch, having made a reservation in advance. It was much quieter than the lively atmosphere Iâ€™ve experienced during dinner here. The host and server were friendly and attentive, and the food was delicious. The cozy decor and large front windows make it a perfect spot for brunch.","40.7419313, -73.984644"
Carmine's - Time Square,"îƒˆ200 W 44th St, New York, NY 10036, United States",Saturday11:30â€¯amâ€“12â€¯amî… | Sunday11:30â€¯amâ€“11â€¯pmî… | Monday11:30â€¯amâ€“11â€¯pmî… | Tuesday11:30â€¯amâ€“11â€¯pmî… | Wednesday11:30â€¯amâ€“11â€¯pmî… | Thursday11:30â€¯amâ€“12â€¯amî… | Friday11:30â€¯amâ€“12â€¯amî…,https://www.carminesnyc.com/locations/times-square,î‚°+1 212-221-3800,4.5,6 days ago,"A Family Feast at Carmineâ€™s Times Square â€“ NYC Perfection!

Carmineâ€™s in Times Square was an absolute standout during our familyâ€™s spring â€¦","40.757498, -73.986654"
Manhatta,"îƒˆ28 Liberty St 60th floor, New York, NY 10005, United States",,https://www.manhattarestaurant.com/?utm_source=GoogleBusinessProfile&utm_medium=Menu&utm_campaign=MapLabs,î‚°+1 212-230-5788,4.7,a week ago,"I visited a couple of months ago, and it was definitely a surprisingly great dining experience. Every dish was impeccable - texture, taste, everything hit the spot. Also the view is amazing. You can see the Brooklyn bridge if you are seated â€¦","40.7079974, -74.0088826"
Gramercy Tavern,"îƒˆ42 E 20th St, New York, NY 10003, United States",,https://www.gramercytavern.com/tavern-menu/?utm_source=GoogleBusinessProfile&utm_medium=Menu&utm_campaign=MapLabs,î‚°+1 212-477-0777,4.6,2 weeks ago,"We dined in the dining room with the seasonal menu. The atmosphere of this restaurant is incredible. Loved the decorations, lighting, and perfect temperature. Itâ€™s dinner and a show because watching the perfectly timed execution of courses â€¦","40.7384555, -73.9885064"
Eataly,"îƒˆ101 Liberty St, New York, NY 10007, United States",,http://www.eataly.com/wp/wp-content/uploads/2022/01/Vino_Menu_Food_2022.01.17.pdf,î‚°+1 212-897-2895,4.2,a month ago,We had the best experience there! Our server Adriana was very kind and friendly! She suggested some spectacular dishes from the menu and explained each one of them with great passion! We loved the place! Excellent service and food â˜ºï¸,"40.7100805, -74.0117621"
Per Se,"îƒˆ10 Columbus Cir, New York, NY 10019, United States",Saturday4:30â€“8:30â€¯pmî… | Sunday4:30â€“8:30â€¯pmî… | Monday4:30â€“8:30â€¯pmî… | Tuesday4:30â€“8:30â€¯pmî… | Wednesday4:30â€“8:30â€¯pmî… | Thursday4:30â€“8:30â€¯pmî… | Friday4:30â€“8:30â€¯pmî…,https://www.thomaskeller.com/perseny,î‚°+1 212-823-9335,4.5,2 weeks ago,This was our first fine dining experience and all I can say is wow. This restaurant blew us away! â€¦,"40.7682178, -73.9828988"
Boucherie West Village,"îƒˆ99 7th Ave S, New York, NY 10014, United States",Saturday10â€¯amâ€“12â€¯amî… | Sunday10â€¯amâ€“12â€¯amî… | Monday11â€¯amâ€“12â€¯amî… | Tuesday11â€¯amâ€“12â€¯amî… | Wednesday11â€¯amâ€“12â€¯amî… | Thursday11â€¯amâ€“12â€¯amî… | Friday11â€¯amâ€“12â€¯amî…,https://www.opentable.com/restaurant/profile/346609?ref=1068,î‚°+1 212-837-1616,4.7,a month ago,"A little late with this review, but I had brunch here with a very dear friend a couple of weeks ago and the food and service were utterly sublime. My friend had traditional eggs Benedict and I had eggs Norwegian, which is basically eggs â€¦","40.733047, -74.0028772"
Le Bernardin,"îƒˆ155 W 51st St, New York, NY 10019, United States",Saturday5â€“11â€¯pmî… | SundayClosedî… | Monday12â€“2:30â€¯pm5â€“10:30â€¯pmî… | Tuesday12â€“2:30â€¯pm5â€“10:30â€¯pmî… | Wednesday12â€“2:30â€¯pm5â€“10:30â€¯pmî… | Thursday12â€“2:30â€¯pm5â€“10:30â€¯pmî… | Friday12â€“2:30â€¯pm5â€“11â€¯pmî…,https://www.le-bernardin.com/menus/dining-room/dinner.,î‚°+1 212-554-1515,4.6,2 weeks ago,"Everything was superb! Black cod and sole perfectly cooked. Service was top notch! They kept in mind my gluten free, dairy free preference. I interacted with several servers and they all know my preference, as if I had it posted on my â€¦","40.7614218, -73.9817558"
STK Steakhouse,"îƒˆ26 Little W 12th St, New York, NY 10014, United States",,http://places.singleplatform.com/stk-downtownmeatpacking-and-stk-rooftop/menu?ref=google,î‚°+1 646-624-2444,4.8,4 days ago,"The steak was absolutely deliciousâ€”so tender and cooked to perfection. It was definitely one of the best I've ever had. Our server, Ed and bartender Pat were amazing! He took such great care of me and my friends, making sure we had â€¦","40.739794, -74.007275"
Essex Restaurant,"îƒˆ124 Rivington St, New York, NY 10002, United States",,https://www.essexnyc.com/menus,î‚°+1 212-533-9616,4.8,3 months ago,"The Essex is a beautiful restaurant in an interesting area of Manhattan. I came here for their Christmas Dinner offering which was $65 per person, a fantastic price compared to other restaurants. â€¦","40.719819, -73.9870967"
OLIO E PIÃ™,"îƒˆ3 Greenwich Ave, New York, NY 10014, United States",Saturday10â€¯amâ€“12â€¯amî… | Sunday10â€¯amâ€“12â€¯amî… | Monday11â€¯amâ€“12â€¯amî… | Tuesday11â€¯amâ€“12â€¯amî… | Wednesday11â€¯amâ€“12â€¯amî… | Thursday11â€¯amâ€“12â€¯amî… | Friday11â€¯amâ€“12â€¯amî…,https://www.opentable.com/restaurant/profile/55837?ref=1068,î‚°+1 212-243-6546,4.7,a week ago,Gocke was our waitress and she was amazing! She had great wine recommendations based on our preferences. She was also very attentive and took great care of us. The food was incredible!! It was the best Caesar salad Iâ€™ve ever had! We ordered â€¦,"40.7338208, -73.9997931"
1803 NYC,"îƒˆ82 Reade St, New York, NY 10007, United States",,https://rhgoldhospitalitygroup.orderingclub.com/en/1803nyc?menu=659d886ecbb22fdbfd8fc859_1,î‚°+1 212-267-3000,4.5,a month ago,Loved this place! The staff is super friendly and you can tell they really work together to keep things running smoothly. â€¦,"40.7154539, -74.0073301"
RH Rooftop Restaurant at RH New York,"îƒˆ9 9th Ave, New York, NY 10014, United States",Saturday10â€¯amâ€“9â€¯pmî… | Sunday10â€¯amâ€“9â€¯pmî… | Monday11:30â€¯amâ€“9â€¯pmî… | Tuesday11:30â€¯amâ€“9â€¯pmî… | Wednesday11:30â€¯amâ€“9â€¯pmî… | Thursday11:30â€¯amâ€“9â€¯pmî… | Friday11:30â€¯amâ€“9â€¯pmî…,https://www.opentable.com/restaurant/profile/1050247?ref=1068,î‚°+1 212-217-2210,4.4,6 days ago,"Meris and I had an outstanding experience! From the moment we walked in, Jim Schmiedl the Assoc. Hospitality Leader made us feel genuinely welcome. Every detail was thoughtfully handled, and their professionalism, warm and efficiency went â€¦","40.73985, -74.00639"
LOS TACOS No.1,"îƒˆ229 W 43rd St, New York, NY 10036, United States",,https://www.lostacos1.com/menus/,No phone number found,4.8,a week ago,We recently ate at Los Tacos No 1. And let me tell you they are the best tacos I have had the establish is small. It has no chairs you eat standing up. For a place being in New York it is very clean very well. Kept the employees are always being very helpful. Wonderful staff highly recommend.,"40.7573214, -73.987654"
Da Andrea,"îƒˆ35 W 13th St, New York, NY 10011, United States",,https://www.opentable.com/restaurant/profile/192976?ref=1068,î‚°+1 212-367-1979,4.5,2 months ago,"We visited this restaurant recently and were really impressed! The pasta was absolutely delicious â€“ perfectly cooked with a rich flavor. The octopus was also fantastic: tender, aromatic, and beautifully presented. And the dessert was a real â€¦","40.7361918, -73.9958515"
Fraunces Tavern,"îƒˆ54 Pearl St, New York, NY 10004, United States",,https://www.opentable.com/restaurant/profile/45523?ref=1068,î‚°+1 212-968-1776,4.5,2 weeks ago,"Fraunces Tavern is a true gem for both history buffs and food lovers. As the cityâ€™s oldest bar, it has played a significant role in Americaâ€™s past, having once hosted the Founding Fathers. I was seated next to the portrait of George â€¦","40.7034181, -74.0113649"
ROBERT,"îƒˆ2 Columbus Cir, New York, NY 10019, United States",Saturday11â€¯amâ€“11â€¯pmî… | Sunday11â€¯amâ€“11â€¯pmî… | Monday12â€“10â€¯pmî… | Tuesday12â€“10â€¯pmî… | Wednesday12â€“10â€¯pmî… | Thursday12â€“10â€¯pmî… | Friday12â€“11â€¯pmî…,https://www.opentable.com/r/robert-new-york,î‚°+1 212-299-7730,4.5,3 days ago,"Great experience at Robert! Me and my friends got the pre-fix brunch. The price was totally reasonable for the portions. I wasnâ€™t even able to finish my main course. However, chicken was a bit under seasoned and dry. But the dessert was â€¦","40.767438, -73.9819871"
Victory Sweet Shop/Victory Garden Cafe,"îƒˆ21-69 Steinway St, Astoria, NY 11105, United States",Saturday8â€¯amâ€“12â€¯amî… | Sunday8â€¯amâ€“12â€¯amî… | Monday8â€¯amâ€“12â€¯amî… | Tuesday8â€¯amâ€“12â€¯amî… | Wednesday8â€¯amâ€“12â€¯amî… | Thursday8â€¯amâ€“12â€¯amî… | Friday8â€¯amâ€“8â€¯pmî…,https://victorysweetshop.com/garden-cafe/,î‚°+1 718-274-2087,4.5,4 months ago,We had a Wonderful Thanksgiving evening. The food was excellent. The service was on point and the atmosphere was very Cozy! I would definitely Recommend and I will be back! Wonderful memories made! Thank you!,"40.7730857, -73.9054343"
TAO Downtown Restaurant,"îƒˆ92 9th Ave, New York, NY 10011, United States",,https://taogroup.com/venues/tao-downtown-new-york/qr-menu/,î‚°+1 212-888-2724,4.3,5 days ago,"I went to Tao in NYC with my best friend while visiting her, and I was genuinely amazed. The food was incredible - we ordered a few dishes to share and everything was spot on. The music was honestly the best Iâ€™ve heard in any NYC â€¦","40.7425376, -74.0038464"
The Smith,"îƒˆ55 3rd Ave, New York, NY 10003, United States",,https://thesmithrestaurant.com/location/east-village/#section-menu,î‚°+1 212-420-9800,4.4,2 weeks ago,"Itâ€™s been two weeks and I still dream about the two delectable sides I had at The Smith. Located on Third Avenue above Sugar Mouse between 19th and 11th Streets, Aaron and I went to have a little bite late in the night after Jazz. I chose â€¦","40.7310104, -73.9885813"
Craft New York,"îƒˆ43 E 19th St, New York, NY 10003, United States",,https://www.craftrestaurant.com/menus-craftnewyork/,î‚°+1 212-780-0880,4.5,3 months ago,"Hands down, one of the best meals I have ever had. Everything was too notch and well made. The service was amazing. The poached halibut was out of this world, Gratin (potatoes) were super delicious, and the Risotto was terrific (although my â€¦","40.7381658, -73.9886678"
Scarpetta,"îƒˆat The James Hotel, 88 Madison Ave, New York, NY 10016, United States",,https://www.sevenrooms.com/reservations/scarpettanyc/,î‚°+1 212-691-0555,4.4,2 weeks ago,"Had the charred octopus and broccolini to start - both were great. Octopus was tender and flavorful, couldâ€™ve been served a bit warmer.
Ordering family style is the way to go for dinner: for the entree, we shared the â€¦","40.7445818, -73.9856202"
Osteria 57,"îƒˆ57 W 10th St, New York, NY 10011, United States",Saturday5â€“10:30â€¯pmî… | Sunday5â€“10â€¯pmî… | Monday5â€“10â€¯pmî… | Tuesday5â€“10â€¯pmî… | Wednesday5â€“10â€¯pmî… | Thursday5â€“10â€¯pmî… | Friday5â€“10:30â€¯pmî…,https://resy.com/cities/new-york-ny/venues/osteria-57?rwg_token=AAiGsob7hejpSvq6SDax2zue2bMnp650-sv5aeoBW5GaGIjfRqNhLGP1wcjHOunOocGCOdezSHa21HnVfCYwKw_bwk-q-g1fGP399JMRfHKfzK-bWivrALA%3D,î‚°+1 212-777-0057,4.5,5 months ago,"This Italian restaurant offers a charming and secluded ambiance, perfect for a cozy meal. We booked a reservation for a group of 10-15 people after work on a Monday, and they accommodated us well, even rearranging furniture to seat us all â€¦","40.7345655, -73.9979345"
Supper,"îƒˆ156 E 2nd St, New York, NY 10009, United States",,https://www.supperrestaurant.com/menu,î‚°+1 212-477-7600,4.4,a week ago,"We had an okay experience at this Italian restaurant. The food was good â€” nothing particularly outstanding, but still delicious and satisfying. Itâ€™s a cash-only spot, which is something to keep in mind, though they do have an ATM inside for â€¦","40.7229553, -73.9852071"
Frenchette,"îƒˆ241 W Broadway, New York, NY 10013, United States",Saturday11â€¯amâ€“10â€¯pmî… | Sunday11â€¯amâ€“9â€¯pmî… | Monday12â€“10â€¯pmî… | Tuesday12â€“10â€¯pmî… | Wednesday12â€“10â€¯pmî… | Thursday12â€“10â€¯pmî… | Friday12â€“10â€¯pmî…,https://www.opentable.com/restaurant/profile/1028608?ref=1068,î‚°+1 212-334-3883,4.4,2 months ago,We came here for dinner on a Wednesday and loved it! They serve wonderfully elevated French brasserie style food in a buzzy setting. We were surprised at how busy it was mid week but after sampling a few dishes I can see why. I started with â€¦,"40.7196192, -74.0056937"
Forgione,"îƒˆ30 Hudson St, New York, NY 10013, United States",Saturday5â€“10â€¯pmî… | Sunday5â€“9â€¯pmî… | Monday5â€“10â€¯pmî… | Tuesday5â€“10â€¯pmî… | Wednesday5â€“10â€¯pmî… | Thursday5â€“10â€¯pmî… | Friday5â€“10â€¯pmî…,https://resy.com/cities/new-york-ny/venues/marc-forgione?rwg_token=AAiGsoYOU-zKp7RoCU5q5UUo_Jztdr5zF9VK92V0w1sCsna92hdSQO1gWBysZsdGtTr3LXlL3Jq9g6POCqlFrI_qtLbcXfWrFg%3D%3D,î‚°+1 212-941-9401,4.6,3 weeks ago,Unique dishes that pack flavor. Their signatures such as the lobster and chicken under brick are worth sticking to regular programming. Didnâ€™t love the notkitori as it was on the saltier side. The Egg dessert is worth saving space for. Pretty good wine list here too.,"40.7166614, -74.0089507"
Laut,"îƒˆ15 E 17th St, New York, NY 10003, United States",Saturday1â€“10â€¯pmî… | Sunday1â€“10â€¯pmî… | Monday11:30â€¯amâ€“9:45â€¯pmî… | Tuesday11:30â€¯amâ€“9:45â€¯pmî… | Wednesday11:30â€¯amâ€“9:45â€¯pmî… | Thursday11:30â€¯amâ€“9:45â€¯pmî… | Friday11:30â€¯amâ€“10â€¯pmî…,https://resy.com/cities/new-york-ny/venues/laut?rwg_token=AAiGsoaTNZxd0O7Di28374vl1xCB0Em5LFreBHCgemWZJ42kDHBf9An_VLqh2_JT9IsjF3sPPe6D-us6v1jKvexSQQuJhSd_bQ%3D%3D,î‚°+1 212-206-8989,4.4,6 days ago,"enjoyable restaurants experience

I lived in Singapore for a few years.  Traveled the region extensively.  Hence, â€¦","40.7375843, -73.9910991"
Brooklyn Diner,"îƒˆ155 W 43rd St, New York, NY 10036, United States",Saturday8â€¯amâ€“11â€¯pmî… | Sunday8â€¯amâ€“10â€¯pmî… | Monday8â€¯amâ€“10â€¯pmî… | Tuesday8â€¯amâ€“11â€¯pmî… | Wednesday8â€¯amâ€“11â€¯pmî… | Thursday8â€¯amâ€“11â€¯pmî… | Friday8â€¯amâ€“11â€¯pmî…,https://www.opentable.com/restaurant/profile/46786?ref=1068,î‚°+1 212-265-5400,4.2,2 days ago,"With scaffolding over the entrance, the first impression, due to no fault of its own, is not impressive to the eye. But once inside this nice size diner, one realizes that the place is attractive (see my photos). At one o'clock in the â€¦","40.7565768, -73.9856099"
Petite Boucherie,"îƒˆFirst Floor, 14 Christopher St, New York, NY 10014, United States",Saturday10â€¯amâ€“12â€¯amî… | Sunday10â€¯amâ€“12â€¯amî… | Monday11â€¯amâ€“12â€¯amî… | Tuesday11â€¯amâ€“12â€¯amî… | Wednesday11â€¯amâ€“12â€¯amî… | Thursday11â€¯amâ€“12â€¯amî… | Friday11â€¯amâ€“12â€¯amî…,https://www.opentable.com/restaurant/profile/157048?ref=1068,î‚°+1 646-756-4145,4.7,3 days ago,"Outstanding French Lunch â€“ Ask for Susanne!
We had an incredible lunch at Boucherie â€“ easily the best French food weâ€™ve had in NYC. The moules were perfectly cooked, the filet mignon au poivre was rich â€¦","40.7338706, -74.0004319"
The Dutch,"îƒˆ131 Sullivan St, New York, NY 10012, United States",,https://www.thedutchnyc.com/menus/,î‚°+1 212-677-6200,4.3,3 days ago,"The pub has such a great, lively vibe - we felt totally at ease laughing and having a good time with friends. The food is delicious, the atmosphere is beautiful and the service is excellent- warm, friendly and kind. â€¦","40.7265328, -74.0021536"
La Grande Boucherie,"îƒˆ145 W 53rd St, New York, NY 10019, United States",Saturday9â€¯amâ€“12â€¯amî… | Sunday9â€¯amâ€“12â€¯amî… | Monday8â€¯amâ€“12â€¯amî… | Tuesday8â€¯amâ€“12â€¯amî… | Wednesday8â€¯amâ€“12â€¯amî… | Thursday8â€¯amâ€“12â€¯amî… | Friday8â€¯amâ€“12â€¯amî…,https://www.opentable.com/restaurant/profile/1142380?ref=1068,î‚°+1 212-510-7714,4.6,a week ago,"I celebrated my birthday here and chose not to order any alcohol, but the staff continued to suggest it throughout the evening. While I understand the intention, my friend and I had politely mentioned that we donâ€™t drink, so it felt a bit â€¦","40.7626345, -73.9808359"
Lindens,"îƒˆ2 Renwick St, New York, NY 10013, United States",Saturday7â€¯amâ€“10â€¯pmî… | Sunday7â€¯amâ€“4â€¯pmî… | Monday7â€¯amâ€“4â€¯pmî… | Tuesday7â€¯amâ€“10â€¯pmî… | Wednesday7â€¯amâ€“10â€¯pmî… | Thursday7â€¯amâ€“10â€¯pmî… | Friday7â€¯amâ€“10â€¯pmî…,https://www.opentable.com/restaurant/profile/1213444?ref=1068,î‚°+1 929-595-7706,4.8,2 weeks ago,"Went in for breakfast and it was fantastic. Named after the Linden trees that line New Yorkâ€™s streets, this modern American restaurant is â€˜niceâ€™.. not cheap but worth it given quality of ingredients â€¦","40.7245348, -74.0084684"
Nice Matin,"îƒˆ201 W 79th St, New York, NY 10024, United States",,https://www.opentable.com/restaurant/profile/2374?ref=1068,î‚°+1 212-873-6423,4.4,2 weeks ago,"Nice Matin is a beautiful restaurant. The avocado omelette was seasoned perfectly, a delicate and delicious flavor. The toast and even the jelly were top notch. My server Amanda, lovely and graceful, went out of her way to answer my â€¦","40.783438, -73.9784915"
Shukette,"îƒˆ230 9th Ave, New York, NY 10001, United States",Saturday5â€“11â€¯pmî… | Sunday4â€“10â€¯pmî… | Monday5â€“11â€¯pmî… | Tuesday5â€“11â€¯pmî… | Wednesday5â€“11â€¯pmî… | Thursday5â€“11â€¯pmî… | Friday5â€“11â€¯pmî…,https://resy.com/cities/new-york-ny/venues/shukette?rwg_token=AAiGsobG4T2ezItQi9FuQVYKsIDJcIZ9tzZ0iXGQa26_VTE4s-_cZ0HKSF-3oz6H_-7UHjthTZOIFTh8BPnboRxESwjQ_G2o-H0yJ0HAMkcFmH2JvAwkTVc%3D,î‚°+1 212-242-1803,4.7,2 weeks ago,"Shukette serves fine dining quality food in a casual and fun setting. With music blaring and conversations rumbling, itâ€™s hard not to at least order a NA beverage or a cocktail to get into the mood of the place. â€¦","40.7471546, -74.0005218"
The Wilson,"îƒˆ132 W 27th St, New York, NY 10001, United States",,https://fp.sevenrooms.com/explore/thewilsonnyc/reservations/create/search/?venues=parkerandquinn%2Cparkavenuetavern%2Cellugar%2Cwinniesjazzbar%2Ctrademark%2Cthewilsonnyc%2Cotooles%2Ctakecare,î‚°+1 212-529-2671,4.3,2 weeks ago,"This place is amazingâ€¦ almost as amazing as the service that Yoharelin provided. We came here on a whim as itâ€™s dog friendlyâ€¦ and when I say itâ€™s dog, friendly, I mean, they even have a menu specifically for dogs! Their cocktail menu is â€¦","40.7460204, -73.9927905"
Trinity Place,"îƒˆ115 Broadway, New York, NY 10006, United States",SaturdayClosedî… | SundayClosedî… | Monday11:30â€¯amâ€“12â€¯amî… | Tuesday12:30â€“1â€¯am11:30â€¯amâ€“12â€¯amî… | Wednesday12:30â€“1â€¯am11:30â€¯amâ€“12â€¯amî… | Thursday12:30â€“1â€¯am11:30â€¯amâ€“12â€¯amî… | Friday12:30â€“1â€¯am11:30â€¯amâ€“12â€¯amî…,https://www.opentable.com/restaurant/profile/14812?ref=1068,î‚°+1 212-964-0939,4.4,a week ago,"This is an old bank vault converted to a restaurant. The risotto was great. The duck was slightly over cooked, but still good. If you are in the financial district this is a great place to stop for a drink. The bar and drink prices were reasonable.","40.708882, -74.0114326"
Chambers,"îƒˆ94 Chambers St #1, New York, NY 10007, United States",,https://chambers.nyc/home3/#menus,î‚°+1 212-580-3572,4.7,3 weeks ago,"I wanted to come to Chambers for a long time now and hopefully I did ! The restaurant is amazing. The staff was great. As for the food, it was marvelous. I took a main plus a side and a dessert, which was more than enough for one person. Everything was delicious. I recommend this place a 100% !","40.7145903, -74.0075468"
The Bazaar (Ritz-Carlton New York),"îƒˆ25 W 28th St, New York, NY 10001, United States",Saturday5:30â€“10â€¯pmî… | Sunday5:30â€“10â€¯pmî… | Monday5:30â€“10â€¯pmî… | Tuesday5:30â€“10â€¯pmî… | Wednesday5:30â€“10â€¯pmî… | Thursday5:30â€“10â€¯pmî… | Friday5:30â€“10â€¯pmî…,https://www.thebazaar.com/the-bazaar-new-york-menus/,î‚°+1 212-804-9070,4.4,a month ago,I brought my husband here for his birthday and we had the best time. I booked my reservation on OpenTable and noted we were celebrating a birthday and the restaurant's attention to that detail was very impressive from the hostess all the â€¦,"40.7455765, -73.9890701"
Bea,"îƒˆ403 W 43rd St, New York, NY 10036, United States",Saturday11â€¯amâ€“4â€¯pm5â€¯pmâ€“2â€¯amî… | Sunday11â€¯amâ€“4â€¯pm5â€¯pmâ€“2â€¯amî… | Monday5â€¯pmâ€“2â€¯amî… | Tuesday5â€¯pmâ€“2â€¯amî… | Wednesday5â€¯pmâ€“2â€¯amî… | Thursday5â€¯pmâ€“2â€¯amî… | Friday5â€¯pmâ€“2â€¯amî…,http://www.beanyc.com/inside/brunchmenu.pdf,î‚°+1 212-602-1910,4.4,2 weeks ago,"I recently visited Bea and had a wonderful experience. From the moment my group and I arrived, we were greeted by the incredibly friendly host (who resembled Zachary Quinto), making us feel immediately welcomed. A warm reception always sets â€¦","40.7594201, -73.9924645"
The Milling Room,"îƒˆ446 Columbus Ave, New York, NY 10024, United States",,https://linktr.ee/themillingroom,î‚°+1 212-595-0380,4.4,6 months ago,"I found The Milling Room as i was searching for somewhere to carry my wife for her birthday. Usually, when I give a review, I speak firstly about the sights and the sound, but this time, I need to mention the chef.  I had the steak. It â€¦","40.783747, -73.974468"
Carriage House NYC,"îƒˆ142 W 10th St, New York, NY 10014, United States",Saturday5â€“10:30â€¯pmî… | Sunday5â€“10:30â€¯pmî… | Monday5â€“10:30â€¯pmî… | TuesdayClosedî… | Wednesday5â€“10:30â€¯pmî… | Thursday5â€“10:30â€¯pmî… | Friday5â€“10:30â€¯pmî…,https://chnyc.com/menu,î‚°+1 646-524-5222,4.5,2 weeks ago,Filipino inspired New American dining in a large space with both bar and table seating. Service is friendly but also easily distracted and so you may need some time to get attention. Food was very good though - most of the mains were â€¦,"40.7343641, -74.0007935"
Sarabeth's Central Park South,"îƒˆ40 Central Park S Located in: 40 West 59th Street Condominium, New York, NY 10019, United States",,https://www.sevenrooms.com/explore/sarabethscps/reservations/create/search/?venues=sarabethsgreenwichvillage%2Csarabethsparkavenuesouth%2Csarabethsupperwestside%2Csarabethscps,î‚°+1 212-826-5959,4.1,a month ago,"A traditional place for  breakfast or brunch right across from Central Park. For years you can enjoy tasty Eggs Benedict, Lobster Roll, Pancakes or a delicious French Toast along with great coffee. Service is friendly and the atmosphere is casual and cozy. Recommended!","40.7651409, -73.9756768"
Buona Notte,"îƒˆ120 Mulberry St, New York, NY 10013, United States",,https://www.buonanotte-nyc.com/eat,î‚°+1 212-965-1111,4.5,4 months ago,"Buona Notte was a fantastic choice for dinner with my three friends. The pasta was perfectly cooked, and the tiramisu was heavenly! Fun fact: they use family recipes passed down for generations. The only downside? It was a bit noisy, but the atmosphere was lively and welcoming. A night to remember!","40.7177496, -73.9979524"
Paesano,"îƒˆ136 Mulberry St, New York, NY 10013, United States",Saturday11â€¯amâ€“10â€¯pmî… | Sunday11â€¯amâ€“10â€¯pmî… | Monday11â€¯amâ€“10â€¯pmî… | Tuesday11â€¯amâ€“10â€¯pmî… | Wednesday11â€¯amâ€“10â€¯pmî… | Thursday11â€¯amâ€“10â€¯pmî… | Friday11â€¯amâ€“10â€¯pmî…,https://www.opentable.com/restaurant/profile/215104?ref=1068,î‚°+1 212-965-1188,4.4,a week ago,"Picked this place out of all the Italian restaurants in the area and glad we did.  Service was great and we elected to eat outside, even in March.  Started out with the fresh bread and garlic sauce and it was delicious.  Our server was very â€¦","40.7185466, -73.9974466"
Michael's New York,"îƒˆ24 W 55th St, New York, NY 10019, United States",,https://resy.com/cities/new-york-ny/venues/michaels-restaurant?rwg_token=AAiGsoY2EdWjBMt06ytcCZfkTxH-7jTTUcFCDQ7efGC1xWIc9tHRBiS4uwTLcYLui-op2SrU9JW3b9QPcEbBIPW03kWAc_HKwQ%3D%3D,î‚°+1 212-767-0555,4.5,6 days ago,"With its retro, 90s art gallery vibes, candlelit tables, polished silverware and excellent service, Michaelâ€™s is dripping with ambiance and is an ideal, quiet spot in the heart of the city. A small, albeit diverse menu should have something â€¦","40.762163, -73.9763561"
Market Table,"îƒˆ54 Carmine St, New York, NY 10014, United States",,https://resy.com/cities/new-york-ny/venues/market-table-nyc?rwg_token=AAiGsoZFNtI9EgMJ9QWhQOZEqNGo3QJanroEY7CCL6fz3x80ZQVNwcrmYxo-17oF9LHmZ9dfjP4HhSCScTAg3OXDg7wqlh5_Cw%3D%3D,î‚°+1 212-255-2100,4.5,5 months ago,"This is truly one of the most charming, feel-good restaurants in the village. The beet salad was fantastic, and our entrÃ©esâ€”half roasted chicken and pork tenderloinâ€”were flavorful, with the chicken especially moist and delicious. While the â€¦","40.729716, -74.0037027"
Schnipper's,"îƒˆ620 8th Ave, New York, NY 10018, United States",Saturday10:30â€¯amâ€“11â€¯pmî… | Sunday11â€¯amâ€“10â€¯pmî… | Monday10:30â€¯amâ€“10â€¯pmî… | Tuesday10:30â€¯amâ€“10â€¯pmî… | Wednesday10:30â€¯amâ€“10â€¯pmî… | Thursday10:30â€¯amâ€“10â€¯pmî… | Friday10:30â€¯amâ€“11â€¯pmî…,https://www.toasttab.com/schnippers-times-square/v3,î‚°+1 212-921-2400,4.2,2 weeks ago,"Great place to take the kids! Lots and lots of seating inside as well as some outdoor seating. Big American menu. Beware everything is individually priced unless you purchase a plate. A little on the pricey side, but not unreasonable for â€¦","40.7563207, -73.989926"
In Common NYC - A Breakfast & Brunch Restaurant,"îƒˆ441 9th Ave Suite 101, New York, NY 10001, United States",Saturday8:30â€¯amâ€“3â€¯pmî… | Sunday8:30â€¯amâ€“3â€¯pmî… | Monday7:30â€¯amâ€“3â€¯pmî… | Tuesday7:30â€¯amâ€“3â€¯pmî… | Wednesday7:30â€¯amâ€“3â€¯pmî… | Thursday7:30â€¯amâ€“3â€¯pmî… | Friday7:30â€¯amâ€“3â€¯pmî…,https://www.incommonnyc.com/menu-1,î‚°+1 646-370-3099,4.6,2 weeks ago,"Charming cafe restaurant near Hudson Yards. Safe bet for a laid back, quicker breakfast or light lunch â€¦","40.753835, -73.996243"
Vestry,"îƒˆ246 Spring St, New York, NY 10013, United States",Saturday5â€“10:30â€¯pmî… | SundayClosedî… | Monday5â€“10â€¯pmî… | Tuesday5â€“10â€¯pmî… | Wednesday5â€“10â€¯pmî… | Thursday5â€“10â€¯pmî… | Friday5â€“10:30â€¯pmî…,https://www.vestrynyc.com/#menus,î‚°+1 212-784-1350,4.0,a week ago,"This restaurant left mixed feelings after our visit. On the one hand all dishes what we ordered were better than we expected and the size of portions bigger than average in Michelin star restaurants, I like it. â€¦","40.7253081, -74.005407"
Kochi,"îƒˆ652 10th Ave, New York, NY 10036, United States",Saturday5â€“10â€¯pmî… | Sunday5â€“9:30â€¯pmî… | Monday5â€“9:30â€¯pmî… | Tuesday5â€“9:30â€¯pmî… | Wednesday5â€“9:30â€¯pmî… | Thursday5â€“9:30â€¯pmî… | Friday5â€“10â€¯pmî…,http://kochinyc.com/menu/,î‚°+1 646-478-7308,4.6,a month ago,"Kochi was an excellent dining experience all the way through. The staff is so friendly and attentive and the atmosphere elevated by a chill interior and playlist. The starting 2 dishes start the meal off perfectly, and amazing meals â€¦","40.7619926, -73.9934692"
Bustan,"îƒˆ487 Amsterdam Ave, New York, NY 10024, United States",,https://www.opentable.com/restaurant/profile/118003?ref=1068,î‚°+1 212-595-5050,4.5,a month ago,"This restaurant exceeded our expectations. The eclectic interior was charming, and the food was flavorful, beautifully presented, and served in generous portions. Though the place was crowded and loud, it created a cheerful atmosphere. Our server was attentive and provided excellent service. We'll definitely be back!","40.7858998, -73.975952"
Jams,"îƒˆ1414 6th Ave, New York, NY 10019, United States",,https://www.sevenrooms.com/reservations/jams,î‚°+1 212-703-2007,4.2,a month ago,"Had a great brunch at Jams! We tried the Salmon Everything Bagel, Brioche French Toast, and Greek Yogurt Parfait, along with some coffee. The salmon bagel was packed with toppings, which was a big plus. The parfait was fresh and delicious. â€¦","40.7647337, -73.9765262"
Hawksmoor NYC,"îƒˆ109 E 22nd St, New York, NY 10010, United States",,https://www.hawksmoornyc.com/dinner/?y_source=1_MjU3MzY3NDctNzE1LWxvY2F0aW9uLm1lbnVfdXJs,î‚°+1 212-777-1840,4.4,a week ago,"Extremely disappointing dinner experience at Hawksmoor, the service was far from what we expected. â€¦","40.7395356, -73.9863884"
Patsy's Italian Restaurant,"îƒˆ236 W 56th St, New York, NY 10019, United States",Saturday12â€“9:30â€¯pmî… | Sunday12â€“9:30â€¯pmî… | Monday4:30â€“9:30â€¯pmî… | Tuesday12â€“9:30â€¯pmî… | Wednesday12â€“9:30â€¯pmî… | Thursday12â€“9:30â€¯pmî… | Friday12â€“9:30â€¯pmî…,https://www.patsys.com/menu.html,î‚°+1 212-247-3491,4.3,6 days ago,"First of all, straight in the door was greeted by staff and told them my name and reservation time. Was seated by server and was greeted by the owner Sal, which showed he really does care about how good his restaurant does. Food was out of â€¦","40.7656391, -73.9827408"
Aragvi,"îƒˆ230 E 44th St, New York, NY 10017, United States",,https://resy.com/cities/new-york-ny/venues/aragvi-restaurant?rwg_token=AAiGsobVn_zqkmyi_bKbLjTd634p0SXx1rnTcnoBx7WF7i1CTLkjLYT3nV8LREczEQIGcCNQiUEprjWHbCQo0q9zE0sC8ebu2pNF_Ma-18wWZdt2ax8olgU%3D,î‚°+1 646-863-0990,4.9,3 days ago,"A warm and cozy spot with friendly staffâ€”this place really stands out. The flavors and charm of Georgian cuisine are on another level. Even from a dietitianâ€™s point of view, itâ€™s worth it. Food is about taste and enjoymentâ€”just watch the portion size!","40.7512954, -73.972218"
Union Square Cafe,"îƒˆ101 E 19th St, New York, NY 10003, United States",,https://www.unionsquarecafe.com/menus/?utm_source=GoogleBusinessProfile&utm_medium=Menu&utm_campaign=MapLabs,î‚°+1 212-243-4020,4.6,a week ago,"We had an amazing brunch at Union Square Cafe.
A few of us from work decided to go, and from start to finish, everything was spot on. â€¦","40.7377702, -73.9878767"
Alice,"îƒˆ126 W 13th St, New York, NY 10011, United States",Saturday12â€“4â€¯pm5â€“11â€¯pmî… | Sunday12â€“4â€¯pm5â€“10â€¯pmî… | Monday5â€“10â€¯pmî… | Tuesday5â€“10â€¯pmî… | Wednesday5â€“10:30â€¯pmî… | Thursday5â€“11â€¯pmî… | Friday5â€“11â€¯pmî…,https://resy.com/cities/new-york-ny/venues/alice-restaurant-nyc?rwg_token=AAiGsobJ2BuzHXWJWp1kQIWhLJHhOlwGDs0ejiYCqWrhBF37u-70gx3J2pYP9JBLD9C4KsqXv46BqX_zxeIhGOXV6ne9EKBNtA%3D%3D,î‚°+1 212-691-4886,4.4,a month ago,"This place is amazing! Such a cute date spot! And the food is absolutely amazing! The bar has such an eclectic selection of liquor, high-end, and rare bottles. The wine is divine and so cold! The fresh pasta and oysters are a must! The â€¦","40.7371073, -73.9986308"
Vic's,"îƒˆ31 Great Jones St, New York, NY 10012, United States",Saturday5â€“11â€¯pmî… | Sunday5â€“10â€¯pmî… | Monday5â€“10â€¯pmî… | Tuesday5â€“11â€¯pmî… | Wednesday5â€“11â€¯pmî… | Thursday5â€“11â€¯pmî… | Friday5â€“11â€¯pmî…,https://resy.com/cities/new-york-ny/venues/vics?rwg_token=AAiGsoYJ3m97QZvcMCU_wE0mj8Z4Nb8KoaLEiRFrAcEXj9orD5h3N5GukrUCgAyyJwgl_FfoIMp43naKkyKwQyvhQ2wt9sR7wAX_nRLthcrbOND1oI2rMXE%3D,î‚°+1 212-253-5700,4.5,3 weeks ago,"Fantastic Italian restaurant in NoHo! Came here for dinner on a Saturday night and it was quite busy. Booked a reservation a week out for 7p. The food was fantastic, service was amazing and the atmosphere was great. We liked how the â€¦","40.7268643, -73.9932413"
Wildair,"îƒˆ142 Orchard St, New York, NY 10002, United States",Saturday12â€“2:30â€¯pm5â€“11â€¯pmî… | Sunday5â€“10â€¯pmî… | MondayClosedî… | Tuesday5â€“10:30â€¯pmî… | Wednesday5â€“10:30â€¯pmî… | Thursday5â€“10:30â€¯pmî… | Friday5â€“11â€¯pmî…,https://www.wildair.nyc/menu-2,î‚°+1 646-964-5624,4.4,a month ago,"Very nice spot we had a great time. Sat at a hightop and enjoyed the variety of small plates. Everything was very creative and well designed some absolute Michelin star quality dishes at this spot. We had a really nice waiter who was an expert at wine and guided us through their nice menu. Overall, really happy with the meal.","40.7200222, -73.9891648"
The Palm â€“ New York,"îƒˆ250 W 50th St, New York, NY 10019, United States",,https://www.thepalm.com/location/the-palm-midtown/#menus,î‚°+1 212-333-7256,4.3,3 months ago,"I couldnâ€™t get into Gallagherâ€™s for lunch so I ended up here. I didnâ€™t even know this location existed, since I still thought the 2nd avenue location was still around. RIP. â€¦","40.7619684, -73.9857193"
Industry Kitchen,"îƒˆ70 South St, New York, NY 10005, United States",,https://www.industry-kitchen.com/#/form-reservations,î‚°+1 212-487-9600,4.3,a week ago,"this place seriously blew me away. The food was so good like, everything tasted super fresh and was packed with flavor. You can tell they actually care about what theyâ€™re serving. I got the lobster and it was insanely tender, perfectly â€¦","40.7048797, -74.0047601"
THE GRILL,"îƒˆSeagram Building, 99 E 52nd St, New York, NY 10022, United States",Saturday5â€“11â€¯pmî… | SundayClosedî… | Monday11:45â€¯amâ€“2â€¯pm5â€“11â€¯pmî… | Tuesday11:45â€¯amâ€“2â€¯pm5â€“11â€¯pmî… | Wednesday11:45â€¯amâ€“2â€¯pm5â€“11â€¯pmî… | Thursday11:45â€¯amâ€“2â€¯pm5â€“11â€¯pmî… | Friday11:45â€¯amâ€“2â€¯pm5â€“11â€¯pmî…,https://www.thegrillnewyork.com/food-and-drinks,î‚°+1 212-254-3000,4.6,4 weeks ago,"The food, wine, and service were very good - no complaints. Our one big complaint and dissatisfaction has to do with where we were seated. And we are not complainers. â€¦","40.7583177, -73.9718681"
Junior's Restaurant & Bakery,"îƒˆ1515 Broadway, W 45th St, New York, NY 10036, United States",Saturday7â€¯amâ€“1â€¯amî… | Sunday7â€¯amâ€“12â€¯amî… | Monday7â€¯amâ€“12â€¯amî… | Tuesday7â€¯amâ€“12â€¯amî… | Wednesday7â€¯amâ€“12â€¯amî… | Thursday7â€¯amâ€“12â€¯amî… | Friday7â€¯amâ€“1â€¯amî…,https://www.juniorscheesecake.com/our_restaurants/brooklyn/,î‚°+1 212-302-2000,4.4,5 days ago,"Tried this place out on our last day in New York, since it was right across the street from our hotel. Service was fast and awesome. Jordan was very attentative and very polite. My wife had the Griddle w/ Bacon, my son had Griddle w/ â€¦","40.7583331, -73.9866367"
Frevo,"îƒˆ48 W 8th St, New York, NY 10011, United States",Saturday5:30â€“10â€¯pmî… | SundayClosedî… | MondayClosedî… | Tuesday5:30â€“10â€¯pmî… | Wednesday5:30â€“10â€¯pmî… | Thursday5:30â€“10â€¯pmî… | Friday5:30â€“10â€¯pmî…,http://frevonyc.com/menu/,î‚°+1 646-455-0804,4.8,4 months ago,"My husband and I had dinner at Frevo two nights ago and we can say that it was our best dinner in New York City. Everything was perfect, lovely location, private and relaxing. The food was not just food but a real culinary experience, every â€¦","40.7331351, -73.9986886"
estiatorio Milos Midtown,"îƒˆ125 W 55th St, New York, NY 10019, United States",Saturday12â€“3:30â€¯pm4:30â€¯pmâ€“12â€¯amî… | Sunday12â€“3:30â€¯pm4:30â€“11â€¯pmî… | Monday11:30â€¯amâ€“3:30â€¯pm4:30â€¯pmâ€“12â€¯amî… | Tuesday11:30â€¯amâ€“3:30â€¯pm4:30â€¯pmâ€“12â€¯amî… | Wednesday11:30â€¯amâ€“3:30â€¯pm4:30â€¯pmâ€“12â€¯amî… | Thursday11:30â€¯amâ€“3:30â€¯pm4:30â€¯pmâ€“12â€¯amî… | Friday11:30â€¯amâ€“12â€¯amî…,https://order.online/business/~97835/en-US,î‚°+1 212-245-7400,4.5,a month ago,"I had an amazing dining experience at Miloâ€™s! The seafood was incredibly fresh and cooked to perfectionâ€”every bite was bursting with flavor. The quality and presentation of the dishes were outstanding. On top of that, the service was â€¦","40.7635461, -73.9790278"
"One if by Land, Two if by Sea","îƒˆ17 Barrow St, New York, NY 10014, United States",Saturday5â€“10:30â€¯pmî… | Sunday5â€“9â€¯pmî… | MondayClosedî… | TuesdayClosedî… | Wednesday5â€“9:30â€¯pmî… | Thursday5â€“9:30â€¯pmî… | Friday5â€“10:30â€¯pmî…,https://www.opentable.com/restaurant/profile/336?ref=1068,î‚°+1 212-255-8649,4.2,a month ago,"Such a romantic spot! I love the real candle light.  We did the Chef's tasting menu and wine pairing which was delicious. You will not leave hungry! I loved the scallops. Perfect for a date night, anniversary or birthday celebration.","40.732548, -74.0026278"
WallsÃ©,"îƒˆ344 W 11th St, New York, NY 10014, United States",,https://resy.com/cities/new-york-ny/venues/wallse?rwg_token=AAiGsoYZTjLYCQvcheHOcOKlCUt8Teyy1EHwe9ZHcZnzaOKZN3SjUU3_ie3PiG6y_6u36PlHkxONveT_oiU1xIIB96atfy9CDQ%3D%3D,î‚°+1 212-352-2300,4.4,2 months ago,"Dining at WallsÃ© was an unforgettable experience that transported me straight to Austria. The authentic Austrian cuisine was nothing short of incredible, making it one of my favorite meals out. Our server was not only friendly but also â€¦","40.73541, -74.008212"
FARIDA - Finest World Dishes,"îƒˆ32 Cedar St, New York, NY 10005, United States",,https://storage.googleapis.com/emenu_webview/webview.html?SiteID=cbbcba4f-de16-4fee-9dbd-ab78f1efaecd&p=1,î‚°+1 646-650-3272,4.6,a week ago,"It was a wonderful experience. On this cold evening, being able to enjoy such delicious barbecue really helped me forget the tension brought by the cold. This is a place well worth visiting again. It's suitable for gatherings and family outings. By the way, there's a band performance every night from 7 to 10 p.m.","40.7071242, -74.0083922"
MOE EATS NYC,"îƒˆ120 W 49th St, New York, NY 10020, United States",SaturdayClosedî… | SundayClosedî… | Monday10â€¯amâ€“3:30â€¯amî… | Tuesday10â€¯amâ€“3:30â€¯amî… | Wednesday10â€¯amâ€“3:30â€¯amî… | Thursday10â€¯amâ€“3:30â€¯amî… | Friday10â€¯amâ€“1â€¯pm2:30â€¯pmâ€“3:30â€¯amî…,No website found,î‚°+1 646-547-6759,5.0,a month ago,"Why go to a high-end restaurant to eat food that is so expensive and then leave disappointed? I tried Moe Eats mix grill bowl and it is out of this world! The taste is unmatched and the price is unbeatable. If youâ€™re ever in NYC, this is a must try!","40.7597437, -73.982321"
AMICI,"îƒˆ165 Mulberry St, New York, NY 10013, United States",,https://www.opentable.com/r/amici-ristorante-new-york,î‚°+1 212-203-2766,4.5,2 months ago,"We were roped in by staff who caught us peeping the menu but Iâ€™m glad we were because it was tasty! We ordered the veal with capers and the lobster ravioli and split both dishes, and they were delicious! My one and only complaint was that â€¦","40.719862, -73.997373"
UT47 Kitchen & Bar,"îƒˆ683 9th Ave, New York, NY 10036, United States",,https://www.opentable.com/restaurant/profile/1350418?ref=1068,î‚°+1 646-843-0856,4.7,3 weeks ago,This place just opened up in this new venue or just moved into this venue from another venue. This decor gives it a really cute date night vibe with the prism chandeliers and the rose trim on top of the bar. It looks very elegant. We â€¦,"40.7618296, -73.9903943"
Tuome,"îƒˆ536 E 5th St, New York, NY 10009, United States",Saturday5â€“9:30â€¯pmî… | SundayClosedî… | MondayClosedî… | Tuesday6â€“9â€¯pmî… | Wednesday6â€“9â€¯pmî… | Thursday6â€“9â€¯pmî… | Friday5â€“9:30â€¯pmî…,https://resy.com/cities/new-york-ny/venues/tuome?rwg_token=AAiGsobiM5Xgh1BSv-WM2V9OPHA3Ic9fEJ4r7AhLkS1jDTbfl6rCugBOzMDsGy70GhAhxbySkp8CMc2u26jpdR2TF6-LLWcsf6F_pX5IhQ4xuBmyGq2yThA%3D,î‚°+1 646-833-7811,4.5,3 weeks ago,I had to take one star off because this is definitely not a fine dining experience even though that is what they advertise themselves as. If it were not for the food I would have given this a two star review. â€¦,"40.724053, -73.9828525"
Westville Hudson,"îƒˆ333 Hudson St, New York, NY 10013, United States",Saturday10â€¯amâ€“4â€¯pm5â€“10â€¯pmî… | Sunday10â€¯amâ€“4â€¯pm5â€“10â€¯pmî… | Monday11:30â€¯amâ€“10â€¯pmî… | Tuesday11:30â€¯amâ€“10â€¯pmî… | Wednesday11:30â€¯amâ€“10â€¯pmî… | Thursday11:30â€¯amâ€“10â€¯pmî… | Friday11:30â€¯amâ€“10â€¯pmî…,http://westvillenyc.com/menu/,î‚°+1 212-776-1404,4.4,6 months ago,"Visited for dinner on a weekday evening.

Was pretty busy when we got there but they managed to seat us as a large party â€¦","40.727247, -74.007539"
Sarabeth's Upper West Side,"îƒˆ423 Amsterdam Ave, New York, NY 10024, United States",,https://www.sevenrooms.com/explore/sarabethsupperwestside/reservations/create/search/?venues=sarabethsgreenwichvillage%2Csarabethsparkavenuesouth%2Csarabethsupperwestside%2Csarabethscps,î‚°+1 212-496-6280,4.2,a month ago,"This is a great place to have brunch on the weekends and enjoy it with family or friends.
The dishes are well served and very tasty, the recipe for the riccota lemon â€¦","40.7838797, -73.9774244"
Lâ€™Amore Restaurant,"îƒˆ171 Mulberry St, New York, NY 10013, United States",Saturday11â€¯amâ€“11â€¯pmî… | Sunday11â€¯amâ€“11â€¯pmî… | Monday11â€¯amâ€“11â€¯pmî… | Tuesday11â€¯amâ€“11â€¯pmî… | Wednesday11â€¯amâ€“11â€¯pmî… | Thursday11â€¯amâ€“11â€¯pmî… | Friday11â€¯amâ€“11â€¯pmî…,https://lamoreristorante.com/,î‚°+1 212-810-6063,4.6,a week ago,"Mamma mia, the lobster ravioli hit the spot on this cold rainy night. Perfect temperature, chewiness, amount of ravioli, the amount of lobster meat... the SAUCE. Enjoyed it with a pelligrino sparkling water at dinner, nothing crazy finished the meal off with some macchiato & creme brulee. Excellent service, will come back!","40.7200391, -73.9972584"
Fasano Restaurant New York,"îƒˆ60 E 49th St, New York, NY 10017, United States",Saturday5:30â€“10â€¯pmî… | SundayClosedî… | Monday11:30â€¯amâ€“2:30â€¯pm5:30â€“10â€¯pmî… | Tuesday11:30â€¯amâ€“2:30â€¯pm5:30â€“10â€¯pmî… | Wednesday11:30â€¯amâ€“2:30â€¯pm5:30â€“10â€¯pmî… | Thursday11:30â€¯amâ€“2:30â€¯pm5:30â€“10â€¯pmî… | Friday11:30â€¯amâ€“2:30â€¯pm5:30â€“10â€¯pmî…,https://www.fasanorestaurantny.com/fasano-restaurant/,î‚°+1 646-869-5400,4.7,a month ago,"As soon as you walk into this high end northern Italian restaurant you notice the subtle and soothing tones of the decor. You  are also warmly welcomed. This large  restaurant has two seating areas, I would recommend the larger back area. â€¦","40.7567686, -73.9755276"
Baires Grill - New York,"îƒˆ350 W 50th St, New York, NY 10019, United States",Saturday12â€“11â€¯pmî… | Sunday12â€“10:30â€¯pmî… | Monday12â€“10:30â€¯pmî… | Tuesday12â€“10:30â€¯pmî… | Wednesday12â€“10:30â€¯pmî… | Thursday12â€“10:30â€¯pmî… | Friday12â€“11â€¯pmî…,https://www.opentable.com/restaurant/profile/1282117?ref=1068,î‚°+1 212-884-1355,4.8,3 weeks ago,"A Delightful Dining Experience

Baires Grill offers a truly enjoyable dining experience. The ambiance is â€¦","40.7628256, -73.9879129"
Mastro's Steakhouse,"îƒˆ1285 6th Ave, New York, NY 10019, United States",Saturday4â€“10â€¯pmî… | Sunday4â€“10â€¯pmî… | Monday12â€“10â€¯pmî… | Tuesday12â€“10â€¯pmî… | Wednesday12â€“10â€¯pmî… | Thursday12â€“10â€¯pmî… | Friday12â€“10â€¯pmî…,https://www.mastrosrestaurants.com/location/mastros-steakhouse-new-york/#menus,î‚°+1 212-459-1222,4.5,3 weeks ago,The food was amazing .  The service was impeccable.  Tim was our server very kind and was very prompt.  I ordered the branzino but was able to try other things my friends ordered.  Just a sample.  My branzino was amazing . Very filling and nice size.  I will definitely be back again.,"40.7611039, -73.9801635"
Blackbarn,"îƒˆ19 E 26th St, New York, NY 10010, United States",,https://www.blackbarnrestaurant.com/menus,î‚°+1 212-265-5959,4.4,a week ago,Truly amazing! Came here for a team dinner with roughly 21 of us (thank you for having such a fun space!). Family style menu was so delicious and I would definitely be back. The octopus was my favorite. The butternut squash ravioli was â€¦,"40.7430624, -73.9871109"
ATOMIX,"îƒˆ104 E 30th St, New York, NY 10016, United States",Saturday5:30â€“11â€¯pmî… | Sunday5:30â€“11â€¯pmî… | MondayClosedî… | Tuesday5:30â€“11â€¯pmî… | Wednesday5:30â€“11â€¯pmî… | Thursday5:30â€“11â€¯pmî… | Friday5:30â€“11â€¯pmî…,http://places.singleplatform.com/atomix-1/menu?ref=google,No phone number found,4.7,a month ago,One of my top 3 meals in NYC - flavors like I hadnâ€™t tasted before with really engaging storytelling and an intimate environment for personalized service. I loved the langoustine and the kohlrabi dishes but the overall menu was spectacular. I hope to come back although reservations are very difficult to secure.,"40.7442317, -73.9828502"
STATE Grill and Bar,"îƒˆ21 W 33rd St, New York, NY 10118, United States",,https://www.opentable.com/restaurant/profile/150565?ref=1068,î‚°+1 212-216-9693,4.5,a week ago,"I am an Event Manager for a Life Sciences company based in NJ.  I wanted to share a very positive experience I had holding our Clinical Forum business event at the State Bar & Grill restaurant. First, what an iconic location tucked next â€¦","40.7485505, -73.9859262"
Carlotto,"îƒˆ100 E 19th St, New York, NY 10003, United States",,https://resy.com/cities/new-york-ny/venues/carlotto?rwg_token=AAiGsoYUqNzJ8xKK0XJ2OwVBioENtiZcbS620O9pNrxw1zUflTB9lMK3sWIliW1SU5iQKWHpAw2PIzzY99jUpYjZXFcmMgwyZfpd0ZKNefjo8FHHAuZLmZk%3D,î‚°+1 212-209-1054,4.6,4 days ago,"Loved the ambience of the restaurantâ€”beautiful space and stunning plating, but unfortunately the food didnâ€™t quite live up to the aesthetics. â€¦","40.7374367, -73.9876492"
The Capital Grille,"îƒˆ120 W 51st St, New York, NY 10020, United States",Saturday4â€“10â€¯pmî… | Sunday4â€“9â€¯pmî… | Monday11:30â€¯amâ€“9:30â€¯pmî… | Tuesday11:30â€¯amâ€“9:30â€¯pmî… | Wednesday11:30â€¯amâ€“9:30â€¯pmî… | Thursday11:30â€¯amâ€“9:30â€¯pmî… | Friday11:30â€¯amâ€“10â€¯pmî…,https://www.thecapitalgrille.com/menu/dinner?setRestaurant=8038&cmpid=br:tcg_ag:ie_ch:loc_ca:TCGGMB_sn:gmb_gt:new-york-ny-8038_pl:order_rd:1034,î‚°+1 212-246-0154,4.6,3 months ago,"Excellent.
My wife and I love to travel and try new places to eat. She had the Lobster and Crab Cake with Lemon Basil Aioli. I had the Filet Mignon. Both were excellent. â€¦","40.760861, -73.981057"
The Capital Grille,"îƒˆ200 Park Ave, New York, NY 10166, United States",Saturday5â€“9:30â€¯pmî… | Sunday5â€“9:30â€¯pmî… | Monday11:30â€¯amâ€“9:30â€¯pmî… | Tuesday11:30â€¯amâ€“9:30â€¯pmî… | Wednesday11:30â€¯amâ€“9:30â€¯pmî… | Thursday11:30â€¯amâ€“9:30â€¯pmî… | Friday11:30â€¯amâ€“9:30â€¯pmî…,https://www.thecapitalgrille.com/menu/dinner?setRestaurant=8074&cmpid=br:tcg_ag:ie_ch:loc_ca:TCGGMB_sn:gmb_gt:new-york-ny-8074_pl:order_rd:1067,î‚°+1 212-548-8338,4.6,4 weeks ago,An enjoyable lunch with efficient service. The bread was served piping hot. The melted cheese over the french onion soup was overflowing. Steak and asparagus were delicious too. Will be back :),"40.7539284, -73.9763453"
Il Mulino New York - Uptown,"îƒˆ37 E 60th St, New York, NY 10065, United States",,https://www.imny.com/location/uptown/#menus,î‚°+1 212-750-3270,4.3,4 days ago,Amazing Italian food. The downtown location is a classic and the uptown is no less memorable. The service staff is so kind and attentive. The atmosphere is nice and classy but not stuffy. The appetizers were generous and the pasta was â€¦,"40.7641024, -73.9702399"
Crown Shy,"îƒˆ70 Pine St Ground Floor, New York, NY 10005, United States",Saturday5â€“10â€¯pmî… | Sunday5â€“9:30â€¯pmî… | Monday5â€“9:30â€¯pmî… | Tuesday5â€“9:30â€¯pmî… | Wednesday5â€“9:30â€¯pmî… | Thursday5â€“10â€¯pmî… | Friday5â€“10â€¯pmî…,https://resy.com/cities/new-york-ny/venues/crown-shy?rwg_token=AAiGsoYzBC5NYp4HZcvEqdsZlNS40RG6fdb0OaF313JHc1KlU1-Fsptv-YKt157jos0K75jSOo_fkdpZ6LkSFtBl-_hRQk2qIwh6n0ukjCMb3-Q3Q_YPGSk%3D,î‚°+1 212-517-1932,4.5,2 weeks ago,"Located in the heart of NYCâ€™s Financial District, Crown Shy is a hip, bustling 1 Michelin-star restaurant that brings together a lively crowd of young professionals and seasoned foodies. The ambiance is energetic, vibrant, and full of â€¦","40.7061962, -74.0075229"
Hillstone,"îƒˆ378 Park Ave S, New York, NY 10010, United States",Saturday11:30â€¯amâ€“10â€¯pmî… | Sunday11:30â€¯amâ€“9:30â€¯pmî… | Monday11:30â€¯amâ€“10â€¯pmî… | Tuesday11:30â€¯amâ€“10â€¯pmî… | Wednesday11:30â€¯amâ€“10â€¯pmî… | Thursday11:30â€¯amâ€“10â€¯pmî… | Friday11:30â€¯amâ€“10â€¯pmî…,http://hillstone.com/menus/hillstone/Hillstone%20Park%20Avenue%20South%20Dinner.pdf,î‚°+1 212-689-1090,4.4,a week ago,"I had a good time and enjoyed my coconut shrimp roll (SO delicious!) but I gotta say, I was quite disappointed with these famous ribs everyone was raving about. Yes, the meat falls off the bone, but what good is that when the meat is dry? â€¦","40.742659, -73.9848365"
Jiang Nan NYC,"îƒˆ103 Bowery, New York, NY 10002, United States",Saturday11:30â€¯amâ€“9:30â€¯pmî… | Sunday11:30â€¯amâ€“9:30â€¯pmî… | Monday11:30â€¯amâ€“9:30â€¯pmî… | Tuesday11:30â€¯amâ€“9:30â€¯pmî… | Wednesday11:30â€¯amâ€“9:30â€¯pmî… | Thursday11:30â€¯amâ€“9:30â€¯pmî… | Friday11:30â€¯amâ€“9:30â€¯pmî…,https://www.jiangnanny.com/_files/ugd/27eac3_70d489dd6bb246debce5ab29cadb4fea.pdf,î‚°+1 212-775-8998,4.8,a week ago,"Had a great experience here. Make a reservation first, so that you donâ€™t have to wait at the front because this place is BUSY! The servers are quite attentive and want to make sure that your meal is okay. We got the salted egg yolk prawns â€¦","40.7175581, -73.9949693"
Society Cafe,"îƒˆ52 W 13th St, New York, NY 10011, United States",,https://www.societycafenyc.com/,î‚°+1 212-300-4525,4.5,2 months ago,"Had a fantastic brunch at CafÃ© Society with two friends, and I canâ€™t recommend it enough! The atmosphere is cozy and inviting, perfect for a laid-back weekend catch-up. The service was exceptionalâ€”attentive, friendly, and quick without â€¦","40.73618, -73.9966"
